{
  "COMPRESSION_TYPE": "INTEGER COSINE TRANSFORM",
  "DATA_SET_ID": "JUNO-J-JUNOCAM-2-EDR-L0-V1.0",
  "DESCRIPTION": "",
  "EXPOSURE_DURATION": "3.200000 <ms>",
  "FILE_NAME": "JNCE_2020101_26C00040_V01-raw.png",
  "FILE_RECORDS": 10752,
  "FILTER_NAME": [
    "BLUE",
    "GREEN",
    "RED"
  ],
  "FOCAL_PLANE_TEMPERATURE": "273.0 <K>",
  "IMAGE_TIME": "2020-04-10T14:27:41.409",
  "INSTRUMENT_HOST_NAME": "JUNO",
  "INSTRUMENT_ID": "JNC",
  "INSTRUMENT_NAME": "JUNO EPO CAMERA",
  "INTERFRAME_DELAY": "0.371 <s>",
  "JNO:TDI_STAGES_COUNT": 1,
  "LINES": 10752,
  "LINE_PREFIX_BYTES": 0,
  "LINE_SAMPLES": 1648,
  "LINE_SUFFIX_BYTES": 0,
  "MISSION_PHASE_NAME": "PERIJOVE 26",
  "ORBIT_NUMBER": 26,
  "PJ": "26",
  "PROCESSING_LEVEL_ID": 2,
  "PRODUCER_ID": "JUNO_JUNOCAM_TEAM",
  "PRODUCT_CREATION_TIME": "2020-04-17T16:30:37",
  "PRODUCT_ID": "JNCE_2020101_26C00040_V01",
  "PRODUCT_VERSION_ID": 1,
  "RATIONALE_DESC": "Jupiter imaging",
  "RECORD_BYTES": 1648,
  "SAMPLE_BITS": 8,
  "SAMPLE_BIT_MASK": "2#11111111#",
  "SAMPLE_BIT_MODE_ID": "SQROOT",
  "SAMPLE_TYPE": "UNSIGNED_INTEGER",
  "SAMPLING_FACTOR": 1,
  "SEQUENCE_ID": "jm26",
  "SOFTWARE_NAME": "JUNOMAKEPDS.PY 0.7",
  "SOLAR_DISTANCE": "7.7652e+08 <km>",
  "SOURCE_PRODUCT_ID": "3D-09001A0028-2020-107T12.17.29",
  "SPACECRAFT_ALTITUDE": "51200.9 <km>",
  "SPACECRAFT_CLOCK_START_COUNT": "639801180:224",
  "SPACECRAFT_CLOCK_STOP_COUNT": "N/A",
  "SPACECRAFT_NAME": "JUNO",
  "STANDARD_DATA_PRODUCT_ID": "JUNOCAM-EDR",
  "START_TIME": "2020-04-10T14:27:41.409",
  "STOP_TIME": "2020-04-10T14:27:51.797",
  "SUB_SPACECRAFT_LATITUDE": "-51.7168",
  "SUB_SPACECRAFT_LONGITUDE": "100.6789",
  "TARGET_NAME": "JUPITER",
  "TITLE": "PJ26 Jet S4",
  "TOKEN_ID": []
}
