{
  "COMPRESSION_TYPE": "INTEGER COSINE TRANSFORM",
  "DATA_SET_ID": "JUNO-J-JUNOCAM-2-EDR-L0-V1.0",
  "DESCRIPTION": "",
  "EXPOSURE_DURATION": "6.400000 <ms>",
  "FILE_NAME": "JNCE_2017192_07C00064_V01-raw.png",
  "FILE_RECORDS": 7680,
  "FILTER_NAME": [
    "BLUE",
    "GREEN",
    "RED"
  ],
  "FOCAL_PLANE_TEMPERATURE": "273.0 <K>",
  "IMAGE_TIME": "2017-07-11T03:08:30.227",
  "INSTRUMENT_HOST_NAME": "JUNO",
  "INSTRUMENT_ID": "JNC",
  "INSTRUMENT_NAME": "JUNO EPO CAMERA",
  "INTERFRAME_DELAY": "0.378 <s>",
  "JNO:TDI_STAGES_COUNT": 2,
  "LINES": 7680,
  "LINE_PREFIX_BYTES": 0,
  "LINE_SAMPLES": 1648,
  "LINE_SUFFIX_BYTES": 0,
  "MISSION_PHASE_NAME": "PERIJOVE 7",
  "ORBIT_NUMBER": 7,
  "PJ": "07",
  "PROCESSING_LEVEL_ID": 2,
  "PRODUCER_ID": "JUNO_JUNOCAM_TEAM",
  "PRODUCT_CREATION_TIME": "2017-07-12T19:09:45",
  "PRODUCT_ID": "JNCE_2017192_07C00064_V01",
  "PRODUCT_VERSION_ID": 1,
  "RATIONALE_DESC": "Jupiter imaging",
  "RECORD_BYTES": 1648,
  "SAMPLE_BITS": 8,
  "SAMPLE_BIT_MASK": "2#11111111#",
  "SAMPLE_BIT_MODE_ID": "SQROOT",
  "SAMPLE_TYPE": "UNSIGNED_INTEGER",
  "SAMPLING_FACTOR": 1,
  "SEQUENCE_ID": "jm07",
  "SOFTWARE_NAME": "JUNOMAKEPDS.PY 0.4",
  "SOLAR_DISTANCE": "8.1553e+08 <km>",
  "SOURCE_PRODUCT_ID": "3D-0900070040-2017-193T17.39.16",
  "SPACECRAFT_ALTITUDE": "110011.2 <km>",
  "SPACECRAFT_CLOCK_START_COUNT": "553014721:148",
  "SPACECRAFT_CLOCK_STOP_COUNT": "N/A",
  "SPACECRAFT_NAME": "JUNO",
  "STANDARD_DATA_PRODUCT_ID": "JUNOCAM-EDR",
  "START_TIME": "2017-07-11T03:08:30.227",
  "STOP_TIME": "2017-07-11T03:08:37.787",
  "SUB_SPACECRAFT_LATITUDE": "-87.8632",
  "SUB_SPACECRAFT_LONGITUDE": "186.5567",
  "TARGET_NAME": "JUPITER",
  "TITLE": "South Pole at Minimum Emission Angle",
  "TOKEN_ID": []
}
